{
  "Token Request" : {
    "transaction" : "Token Request",
    "sampleCount" : 400,
    "errorCount" : 0,
    "errorPct" : 0.0,
    "meanResTime" : 988.4024999999993,
    "medianResTime" : 977.0,
    "minResTime" : 930.0,
    "maxResTime" : 1345.0,
    "pct1ResTime" : 1014.9000000000001,
    "pct2ResTime" : 1035.0,
    "pct3ResTime" : 1322.0,
    "throughput" : 37.154003343860296,
    "receivedKBytesPerSec" : 28.200396502879435,
    "sentKBytesPerSec" : 9.324784042355564
  },
  "Delete Booking" : {
    "transaction" : "Delete Booking",
    "sampleCount" : 400,
    "errorCount" : 0,
    "errorPct" : 0.0,
    "meanResTime" : 253.11250000000004,
    "medianResTime" : 249.0,
    "minResTime" : 235.0,
    "maxResTime" : 441.0,
    "pct1ResTime" : 261.0,
    "pct2ResTime" : 264.0,
    "pct3ResTime" : 433.49000000000046,
    "throughput" : 41.03405826836274,
    "receivedKBytesPerSec" : 30.21533263233484,
    "sentKBytesPerSec" : 9.617357406647518
  },
  "Update Booking with PUT" : {
    "transaction" : "Update Booking with PUT",
    "sampleCount" : 400,
    "errorCount" : 0,
    "errorPct" : 0.0,
    "meanResTime" : 253.85249999999994,
    "medianResTime" : 250.0,
    "minResTime" : 236.0,
    "maxResTime" : 421.0,
    "pct1ResTime" : 261.0,
    "pct2ResTime" : 266.0,
    "pct3ResTime" : 381.98,
    "throughput" : 41.13533525298231,
    "receivedKBytesPerSec" : 37.4492235705471,
    "sentKBytesPerSec" : 20.24629781982723
  },
  "Total" : {
    "transaction" : "Total",
    "sampleCount" : 2400,
    "errorCount" : 0,
    "errorPct" : 0.0,
    "meanResTime" : 374.86708333333394,
    "medianResTime" : 251.0,
    "minResTime" : 234.0,
    "maxResTime" : 1345.0,
    "pct1ResTime" : 969.0,
    "pct2ResTime" : 992.0,
    "pct3ResTime" : 1030.0,
    "throughput" : 199.43493435266743,
    "receivedKBytesPerSec" : 171.32058126973573,
    "sentKBytesPerSec" : 62.680478228352996
  },
  "Create Booking" : {
    "transaction" : "Create Booking",
    "sampleCount" : 400,
    "errorCount" : 0,
    "errorPct" : 0.0,
    "meanResTime" : 248.66499999999994,
    "medianResTime" : 247.0,
    "minResTime" : 234.0,
    "maxResTime" : 362.0,
    "pct1ResTime" : 256.90000000000003,
    "pct2ResTime" : 260.95,
    "pct3ResTime" : 333.9200000000001,
    "throughput" : 41.29245380406731,
    "receivedKBytesPerSec" : 38.59352418189326,
    "sentKBytesPerSec" : 18.750967791886033
  },
  "Update Booking with PATCH" : {
    "transaction" : "Update Booking with PATCH",
    "sampleCount" : 400,
    "errorCount" : 0,
    "errorPct" : 0.0,
    "meanResTime" : 254.34249999999977,
    "medianResTime" : 250.0,
    "minResTime" : 235.0,
    "maxResTime" : 453.0,
    "pct1ResTime" : 261.0,
    "pct2ResTime" : 267.0,
    "pct3ResTime" : 422.74000000000024,
    "throughput" : 41.093075816724884,
    "receivedKBytesPerSec" : 37.29036110540374,
    "sentKBytesPerSec" : 11.156128004931169
  },
  "Get Booking" : {
    "transaction" : "Get Booking",
    "sampleCount" : 400,
    "errorCount" : 0,
    "errorPct" : 0.0,
    "meanResTime" : 250.8275,
    "medianResTime" : 248.0,
    "minResTime" : 236.0,
    "maxResTime" : 370.0,
    "pct1ResTime" : 261.0,
    "pct2ResTime" : 277.95,
    "pct3ResTime" : 341.8000000000002,
    "throughput" : 41.1946446961895,
    "receivedKBytesPerSec" : 37.335865087538615,
    "sentKBytesPerSec" : 7.522850154479917
  }
}