{
  "Token Request" : {
    "transaction" : "Token Request",
    "sampleCount" : 500,
    "errorCount" : 0,
    "errorPct" : 0.0,
    "meanResTime" : 1002.4819999999997,
    "medianResTime" : 982.0,
    "minResTime" : 924.0,
    "maxResTime" : 1976.0,
    "pct1ResTime" : 1033.8000000000002,
    "pct2ResTime" : 1157.95,
    "pct3ResTime" : 1413.0,
    "throughput" : 43.84811014645268,
    "receivedKBytesPerSec" : 33.25331053231606,
    "sentKBytesPerSec" : 11.004847956678066
  },
  "Delete Booking" : {
    "transaction" : "Delete Booking",
    "sampleCount" : 500,
    "errorCount" : 0,
    "errorPct" : 0.0,
    "meanResTime" : 266.206,
    "medianResTime" : 257.0,
    "minResTime" : 236.0,
    "maxResTime" : 543.0,
    "pct1ResTime" : 287.0,
    "pct2ResTime" : 296.95,
    "pct3ResTime" : 524.7900000000002,
    "throughput" : 48.76621476640983,
    "receivedKBytesPerSec" : 35.992514386033356,
    "sentKBytesPerSec" : 11.429581585877305
  },
  "Update Booking with PUT" : {
    "transaction" : "Update Booking with PUT",
    "sampleCount" : 500,
    "errorCount" : 0,
    "errorPct" : 0.0,
    "meanResTime" : 267.12799999999993,
    "medianResTime" : 256.5,
    "minResTime" : 234.0,
    "maxResTime" : 545.0,
    "pct1ResTime" : 294.90000000000003,
    "pct2ResTime" : 323.95,
    "pct3ResTime" : 523.4500000000005,
    "throughput" : 48.871078095982796,
    "receivedKBytesPerSec" : 44.5226975613332,
    "sentKBytesPerSec" : 24.053733750366533
  },
  "Total" : {
    "transaction" : "Total",
    "sampleCount" : 3000,
    "errorCount" : 0,
    "errorPct" : 0.0,
    "meanResTime" : 386.76800000000105,
    "medianResTime" : 258.0,
    "minResTime" : 232.0,
    "maxResTime" : 1976.0,
    "pct1ResTime" : 976.0,
    "pct2ResTime" : 1002.0,
    "pct3ResTime" : 1087.7499999999945,
    "throughput" : 237.24792408066432,
    "receivedKBytesPerSec" : 203.92169582839068,
    "sentKBytesPerSec" : 74.56473655595097
  },
  "Create Booking" : {
    "transaction" : "Create Booking",
    "sampleCount" : 500,
    "errorCount" : 0,
    "errorPct" : 0.0,
    "meanResTime" : 257.308,
    "medianResTime" : 251.5,
    "minResTime" : 232.0,
    "maxResTime" : 445.0,
    "pct1ResTime" : 269.0,
    "pct2ResTime" : 285.95,
    "pct3ResTime" : 414.99,
    "throughput" : 48.93325504012527,
    "receivedKBytesPerSec" : 45.73042058132707,
    "sentKBytesPerSec" : 22.220667571931884
  },
  "Update Booking with PATCH" : {
    "transaction" : "Update Booking with PATCH",
    "sampleCount" : 500,
    "errorCount" : 0,
    "errorPct" : 0.0,
    "meanResTime" : 267.37999999999977,
    "medianResTime" : 256.0,
    "minResTime" : 236.0,
    "maxResTime" : 551.0,
    "pct1ResTime" : 293.0,
    "pct2ResTime" : 314.95,
    "pct3ResTime" : 538.3900000000006,
    "throughput" : 48.81382407497804,
    "receivedKBytesPerSec" : 44.3351557160988,
    "sentKBytesPerSec" : 13.252190520355365
  },
  "Get Booking" : {
    "transaction" : "Get Booking",
    "sampleCount" : 500,
    "errorCount" : 0,
    "errorPct" : 0.0,
    "meanResTime" : 260.10400000000016,
    "medianResTime" : 253.0,
    "minResTime" : 235.0,
    "maxResTime" : 466.0,
    "pct1ResTime" : 280.0,
    "pct2ResTime" : 288.95,
    "pct3ResTime" : 421.9100000000001,
    "throughput" : 48.90932211679546,
    "receivedKBytesPerSec" : 44.356934119143105,
    "sentKBytesPerSec" : 8.931682847500733
  }
}