{
  "Token Request" : {
    "transaction" : "Token Request",
    "sampleCount" : 200,
    "errorCount" : 0,
    "errorPct" : 0.0,
    "meanResTime" : 988.5800000000006,
    "medianResTime" : 974.5,
    "minResTime" : 930.0,
    "maxResTime" : 1334.0,
    "pct1ResTime" : 1018.8,
    "pct2ResTime" : 1042.9,
    "pct3ResTime" : 1315.0,
    "throughput" : 18.489414810021266,
    "receivedKBytesPerSec" : 14.005731718591106,
    "sentKBytesPerSec" : 4.640409771655727
  },
  "Delete Booking" : {
    "transaction" : "Delete Booking",
    "sampleCount" : 200,
    "errorCount" : 0,
    "errorPct" : 0.0,
    "meanResTime" : 247.27499999999998,
    "medianResTime" : 246.0,
    "minResTime" : 234.0,
    "maxResTime" : 282.0,
    "pct1ResTime" : 256.9,
    "pct2ResTime" : 258.95,
    "pct3ResTime" : 269.94000000000005,
    "throughput" : 20.360378703043875,
    "receivedKBytesPerSec" : 14.983568538124809,
    "sentKBytesPerSec" : 4.771963758525908
  },
  "Update Booking with PUT" : {
    "transaction" : "Update Booking with PUT",
    "sampleCount" : 200,
    "errorCount" : 0,
    "errorPct" : 0.0,
    "meanResTime" : 248.15499999999994,
    "medianResTime" : 247.5,
    "minResTime" : 236.0,
    "maxResTime" : 268.0,
    "pct1ResTime" : 256.0,
    "pct2ResTime" : 259.95,
    "pct3ResTime" : 266.98,
    "throughput" : 20.437359493153487,
    "receivedKBytesPerSec" : 18.577639612712037,
    "sentKBytesPerSec" : 10.059012875536482
  },
  "Total" : {
    "transaction" : "Total",
    "sampleCount" : 1200,
    "errorCount" : 0,
    "errorPct" : 0.0,
    "meanResTime" : 370.5233333333331,
    "medianResTime" : 248.0,
    "minResTime" : 232.0,
    "maxResTime" : 1334.0,
    "pct1ResTime" : 968.0,
    "pct2ResTime" : 993.0,
    "pct3ResTime" : 1039.99,
    "throughput" : 99.0916597853014,
    "receivedKBytesPerSec" : 84.99787107762181,
    "sentKBytesPerSec" : 31.14355388109001
  },
  "Create Booking" : {
    "transaction" : "Create Booking",
    "sampleCount" : 200,
    "errorCount" : 0,
    "errorPct" : 0.0,
    "meanResTime" : 245.46999999999994,
    "medianResTime" : 244.5,
    "minResTime" : 232.0,
    "maxResTime" : 267.0,
    "pct1ResTime" : 253.0,
    "pct2ResTime" : 257.95,
    "pct3ResTime" : 263.98,
    "throughput" : 20.519134092541297,
    "receivedKBytesPerSec" : 19.142909356725145,
    "sentKBytesPerSec" : 9.317770852570021
  },
  "Update Booking with PATCH" : {
    "transaction" : "Update Booking with PATCH",
    "sampleCount" : 200,
    "errorCount" : 0,
    "errorPct" : 0.0,
    "meanResTime" : 247.5149999999999,
    "medianResTime" : 247.0,
    "minResTime" : 235.0,
    "maxResTime" : 268.0,
    "pct1ResTime" : 256.0,
    "pct2ResTime" : 259.0,
    "pct3ResTime" : 264.99,
    "throughput" : 20.39983680130559,
    "receivedKBytesPerSec" : 18.49173487862097,
    "sentKBytesPerSec" : 5.5382369441044474
  },
  "Get Booking" : {
    "transaction" : "Get Booking",
    "sampleCount" : 200,
    "errorCount" : 0,
    "errorPct" : 0.0,
    "meanResTime" : 246.145,
    "medianResTime" : 245.0,
    "minResTime" : 233.0,
    "maxResTime" : 265.0,
    "pct1ResTime" : 254.9,
    "pct2ResTime" : 259.0,
    "pct3ResTime" : 263.99,
    "throughput" : 20.47711682195147,
    "receivedKBytesPerSec" : 18.527791286986794,
    "sentKBytesPerSec" : 3.739473482133716
  }
}