{
  "Token Request" : {
    "transaction" : "Token Request",
    "sampleCount" : 300,
    "errorCount" : 0,
    "errorPct" : 0.0,
    "meanResTime" : 998.3333333333336,
    "medianResTime" : 979.5,
    "minResTime" : 921.0,
    "maxResTime" : 2576.0,
    "pct1ResTime" : 1025.7,
    "pct2ResTime" : 1096.0999999999995,
    "pct3ResTime" : 1353.98,
    "throughput" : 28.124121121214962,
    "receivedKBytesPerSec" : 21.338444501734323,
    "sentKBytesPerSec" : 7.0584952423361775
  },
  "Delete Booking" : {
    "transaction" : "Delete Booking",
    "sampleCount" : 300,
    "errorCount" : 0,
    "errorPct" : 0.0,
    "meanResTime" : 250.69,
    "medianResTime" : 249.0,
    "minResTime" : 235.0,
    "maxResTime" : 317.0,
    "pct1ResTime" : 261.0,
    "pct2ResTime" : 265.0,
    "pct3ResTime" : 309.6800000000003,
    "throughput" : 31.354515050167223,
    "receivedKBytesPerSec" : 23.111298730142142,
    "sentKBytesPerSec" : 7.348714464882943
  },
  "Update Booking with PUT" : {
    "transaction" : "Update Booking with PUT",
    "sampleCount" : 300,
    "errorCount" : 0,
    "errorPct" : 0.0,
    "meanResTime" : 251.93666666666664,
    "medianResTime" : 250.0,
    "minResTime" : 235.0,
    "maxResTime" : 330.0,
    "pct1ResTime" : 264.0,
    "pct2ResTime" : 274.95,
    "pct3ResTime" : 304.8800000000001,
    "throughput" : 31.400460540087924,
    "receivedKBytesPerSec" : 28.58668489637848,
    "sentKBytesPerSec" : 15.454914172074524
  },
  "Total" : {
    "transaction" : "Total",
    "sampleCount" : 1800,
    "errorCount" : 0,
    "errorPct" : 0.0,
    "meanResTime" : 374.7238888888887,
    "medianResTime" : 251.0,
    "minResTime" : 231.0,
    "maxResTime" : 2576.0,
    "pct1ResTime" : 971.0,
    "pct2ResTime" : 996.0,
    "pct3ResTime" : 1045.98,
    "throughput" : 151.2350865400773,
    "receivedKBytesPerSec" : 129.92334534111916,
    "sentKBytesPerSec" : 47.53173048647287
  },
  "Create Booking" : {
    "transaction" : "Create Booking",
    "sampleCount" : 300,
    "errorCount" : 0,
    "errorPct" : 0.0,
    "meanResTime" : 247.57333333333338,
    "medianResTime" : 247.0,
    "minResTime" : 234.0,
    "maxResTime" : 297.0,
    "pct1ResTime" : 257.0,
    "pct2ResTime" : 260.0,
    "pct3ResTime" : 288.0,
    "throughput" : 31.449837509172873,
    "receivedKBytesPerSec" : 29.38757993500367,
    "sentKBytesPerSec" : 14.281420353286508
  },
  "Update Booking with PATCH" : {
    "transaction" : "Update Booking with PATCH",
    "sampleCount" : 300,
    "errorCount" : 0,
    "errorPct" : 0.0,
    "meanResTime" : 251.44666666666657,
    "medianResTime" : 250.5,
    "minResTime" : 232.0,
    "maxResTime" : 335.0,
    "pct1ResTime" : 261.0,
    "pct2ResTime" : 265.0,
    "pct3ResTime" : 283.98,
    "throughput" : 31.380753138075313,
    "receivedKBytesPerSec" : 28.479259283472803,
    "sentKBytesPerSec" : 8.519384152719665
  },
  "Get Booking" : {
    "transaction" : "Get Booking",
    "sampleCount" : 300,
    "errorCount" : 0,
    "errorPct" : 0.0,
    "meanResTime" : 248.36333333333334,
    "medianResTime" : 248.0,
    "minResTime" : 231.0,
    "maxResTime" : 298.0,
    "pct1ResTime" : 257.0,
    "pct2ResTime" : 261.95,
    "pct3ResTime" : 281.97,
    "throughput" : 31.43336127409891,
    "receivedKBytesPerSec" : 28.48853009744342,
    "sentKBytesPerSec" : 5.740272029547359
  }
}