{
  "Token Request" : {
    "transaction" : "Token Request",
    "sampleCount" : 600,
    "errorCount" : 0,
    "errorPct" : 0.0,
    "meanResTime" : 995.7000000000004,
    "medianResTime" : 967.0,
    "minResTime" : 915.0,
    "maxResTime" : 2544.0,
    "pct1ResTime" : 1015.9,
    "pct2ResTime" : 1251.85,
    "pct3ResTime" : 1517.99,
    "throughput" : 54.965188713814584,
    "receivedKBytesPerSec" : 41.773185576218395,
    "sentKBytesPerSec" : 13.79497412055698
  },
  "Delete Booking" : {
    "transaction" : "Delete Booking",
    "sampleCount" : 600,
    "errorCount" : 0,
    "errorPct" : 0.0,
    "meanResTime" : 266.9499999999994,
    "medianResTime" : 254.0,
    "minResTime" : 233.0,
    "maxResTime" : 490.0,
    "pct1ResTime" : 309.9,
    "pct2ResTime" : 345.0,
    "pct3ResTime" : 458.93000000000006,
    "throughput" : 62.454460289372335,
    "receivedKBytesPerSec" : 46.07561543666077,
    "sentKBytesPerSec" : 14.637764130321642
  },
  "Update Booking with PUT" : {
    "transaction" : "Update Booking with PUT",
    "sampleCount" : 600,
    "errorCount" : 0,
    "errorPct" : 0.0,
    "meanResTime" : 273.69666666666683,
    "medianResTime" : 255.0,
    "minResTime" : 234.0,
    "maxResTime" : 489.0,
    "pct1ResTime" : 353.0,
    "pct2ResTime" : 399.94999999999993,
    "pct3ResTime" : 445.93000000000006,
    "throughput" : 62.18260959684942,
    "receivedKBytesPerSec" : 56.70560096901234,
    "sentKBytesPerSec" : 30.605503160949326
  },
  "Total" : {
    "transaction" : "Total",
    "sampleCount" : 3600,
    "errorCount" : 0,
    "errorPct" : 0.0,
    "meanResTime" : 386.2147222222223,
    "medianResTime" : 257.0,
    "minResTime" : 230.0,
    "maxResTime" : 2544.0,
    "pct1ResTime" : 959.0,
    "pct2ResTime" : 984.0,
    "pct3ResTime" : 1161.729999999994,
    "throughput" : 296.10133245599604,
    "receivedKBytesPerSec" : 254.75702726599772,
    "sentKBytesPerSec" : 93.06179573120579
  },
  "Create Booking" : {
    "transaction" : "Create Booking",
    "sampleCount" : 600,
    "errorCount" : 0,
    "errorPct" : 0.0,
    "meanResTime" : 256.1066666666667,
    "medianResTime" : 250.0,
    "minResTime" : 230.0,
    "maxResTime" : 402.0,
    "pct1ResTime" : 282.0,
    "pct2ResTime" : 299.89999999999986,
    "pct3ResTime" : 368.93000000000006,
    "throughput" : 62.324711748208166,
    "receivedKBytesPerSec" : 58.330817622312246,
    "sentKBytesPerSec" : 28.301748987223434
  },
  "Update Booking with PATCH" : {
    "transaction" : "Update Booking with PATCH",
    "sampleCount" : 600,
    "errorCount" : 0,
    "errorPct" : 0.0,
    "meanResTime" : 266.64500000000004,
    "medianResTime" : 254.0,
    "minResTime" : 234.0,
    "maxResTime" : 483.0,
    "pct1ResTime" : 309.79999999999995,
    "pct2ResTime" : 340.0,
    "pct3ResTime" : 456.6600000000003,
    "throughput" : 62.10537211468792,
    "receivedKBytesPerSec" : 56.45645184245937,
    "sentKBytesPerSec" : 16.86063813269848
  },
  "Get Booking" : {
    "transaction" : "Get Booking",
    "sampleCount" : 600,
    "errorCount" : 0,
    "errorPct" : 0.0,
    "meanResTime" : 258.19000000000005,
    "medianResTime" : 251.0,
    "minResTime" : 230.0,
    "maxResTime" : 401.0,
    "pct1ResTime" : 285.0,
    "pct2ResTime" : 302.0,
    "pct3ResTime" : 377.8000000000002,
    "throughput" : 62.266500622665006,
    "receivedKBytesPerSec" : 56.51333540888336,
    "sentKBytesPerSec" : 11.370933219178083
  }
}