{
  "Token Request" : {
    "transaction" : "Token Request",
    "sampleCount" : 700,
    "errorCount" : 0,
    "errorPct" : 0.0,
    "meanResTime" : 999.2942857142859,
    "medianResTime" : 969.0,
    "minResTime" : 912.0,
    "maxResTime" : 1965.0,
    "pct1ResTime" : 1023.0,
    "pct2ResTime" : 1292.0,
    "pct3ResTime" : 1524.99,
    "throughput" : 66.15631792836216,
    "receivedKBytesPerSec" : 50.12005599659768,
    "sentKBytesPerSec" : 16.603685261317455
  },
  "Delete Booking" : {
    "transaction" : "Delete Booking",
    "sampleCount" : 700,
    "errorCount" : 0,
    "errorPct" : 0.0,
    "meanResTime" : 388.69857142857114,
    "medianResTime" : 362.0,
    "minResTime" : 234.0,
    "maxResTime" : 837.0,
    "pct1ResTime" : 527.0,
    "pct2ResTime" : 573.0,
    "pct3ResTime" : 739.8600000000001,
    "throughput" : 73.94105841343615,
    "receivedKBytesPerSec" : 54.41352197105736,
    "sentKBytesPerSec" : 17.329935565649095
  },
  "Update Booking with PUT" : {
    "transaction" : "Update Booking with PUT",
    "sampleCount" : 700,
    "errorCount" : 0,
    "errorPct" : 0.0,
    "meanResTime" : 398.11285714285725,
    "medianResTime" : 373.0,
    "minResTime" : 242.0,
    "maxResTime" : 832.0,
    "pct1ResTime" : 527.8,
    "pct2ResTime" : 588.8999999999999,
    "pct3ResTime" : 800.96,
    "throughput" : 73.252406864797,
    "receivedKBytesPerSec" : 66.62984970175806,
    "sentKBytesPerSec" : 36.05391900376727
  },
  "Total" : {
    "transaction" : "Total",
    "sampleCount" : 4200,
    "errorCount" : 0,
    "errorPct" : 0.0,
    "meanResTime" : 469.6776190476182,
    "medianResTime" : 359.0,
    "minResTime" : 232.0,
    "maxResTime" : 1965.0,
    "pct1ResTime" : 962.0,
    "pct2ResTime" : 988.0,
    "pct3ResTime" : 1218.9799999999996,
    "throughput" : 346.99272967614013,
    "receivedKBytesPerSec" : 297.78379048248513,
    "sentKBytesPerSec" : 109.05647151768011
  },
  "Create Booking" : {
    "transaction" : "Create Booking",
    "sampleCount" : 700,
    "errorCount" : 0,
    "errorPct" : 0.0,
    "meanResTime" : 320.8114285714284,
    "medianResTime" : 304.5,
    "minResTime" : 232.0,
    "maxResTime" : 606.0,
    "pct1ResTime" : 403.9,
    "pct2ResTime" : 451.0,
    "pct3ResTime" : 564.96,
    "throughput" : 74.77833564790086,
    "receivedKBytesPerSec" : 69.81509053519923,
    "sentKBytesPerSec" : 33.95695905886123
  },
  "Update Booking with PATCH" : {
    "transaction" : "Update Booking with PATCH",
    "sampleCount" : 700,
    "errorCount" : 0,
    "errorPct" : 0.0,
    "meanResTime" : 388.3400000000002,
    "medianResTime" : 364.0,
    "minResTime" : 239.0,
    "maxResTime" : 847.0,
    "pct1ResTime" : 495.0,
    "pct2ResTime" : 561.7999999999997,
    "pct3ResTime" : 720.9300000000001,
    "throughput" : 73.11468560685189,
    "receivedKBytesPerSec" : 66.30751253394611,
    "sentKBytesPerSec" : 19.84949472529768
  },
  "Get Booking" : {
    "transaction" : "Get Booking",
    "sampleCount" : 700,
    "errorCount" : 0,
    "errorPct" : 0.0,
    "meanResTime" : 322.8085714285713,
    "medianResTime" : 307.0,
    "minResTime" : 236.0,
    "maxResTime" : 994.0,
    "pct1ResTime" : 387.9,
    "pct2ResTime" : 429.94999999999993,
    "pct3ResTime" : 580.9300000000001,
    "throughput" : 73.97231321990911,
    "receivedKBytesPerSec" : 66.98085636161895,
    "sentKBytesPerSec" : 13.508615793088874
  }
}