{
  "Token Request" : {
    "transaction" : "Token Request",
    "sampleCount" : 100,
    "errorCount" : 0,
    "errorPct" : 0.0,
    "meanResTime" : 994.17,
    "medianResTime" : 970.5,
    "minResTime" : 934.0,
    "maxResTime" : 1430.0,
    "pct1ResTime" : 1034.8,
    "pct2ResTime" : 1190.8499999999988,
    "pct3ResTime" : 1429.8,
    "throughput" : 9.362419249133977,
    "receivedKBytesPerSec" : 7.110318556314953,
    "sentKBytesPerSec" : 2.349747799831477
  },
  "Delete Booking" : {
    "transaction" : "Delete Booking",
    "sampleCount" : 100,
    "errorCount" : 0,
    "errorPct" : 0.0,
    "meanResTime" : 245.84000000000006,
    "medianResTime" : 244.0,
    "minResTime" : 235.0,
    "maxResTime" : 272.0,
    "pct1ResTime" : 255.9,
    "pct2ResTime" : 261.95,
    "pct3ResTime" : 271.93999999999994,
    "throughput" : 10.515247108307046,
    "receivedKBytesPerSec" : 7.744315194532072,
    "sentKBytesPerSec" : 2.4645110410094637
  },
  "Update Booking with PUT" : {
    "transaction" : "Update Booking with PUT",
    "sampleCount" : 100,
    "errorCount" : 0,
    "errorPct" : 0.0,
    "meanResTime" : 246.24999999999997,
    "medianResTime" : 244.0,
    "minResTime" : 235.0,
    "maxResTime" : 276.0,
    "pct1ResTime" : 256.0,
    "pct2ResTime" : 259.0,
    "pct3ResTime" : 275.8599999999999,
    "throughput" : 10.52742393936204,
    "receivedKBytesPerSec" : 9.582834377302873,
    "sentKBytesPerSec" : 5.181466470154753
  },
  "Total" : {
    "transaction" : "Total",
    "sampleCount" : 600,
    "errorCount" : 0,
    "errorPct" : 0.0,
    "meanResTime" : 370.2650000000002,
    "medianResTime" : 246.0,
    "minResTime" : 234.0,
    "maxResTime" : 1430.0,
    "pct1ResTime" : 966.9,
    "pct2ResTime" : 990.0,
    "pct3ResTime" : 1092.4800000000005,
    "throughput" : 50.43288223921997,
    "receivedKBytesPerSec" : 43.33090800201732,
    "sentKBytesPerSec" : 15.85056894595276
  },
  "Create Booking" : {
    "transaction" : "Create Booking",
    "sampleCount" : 100,
    "errorCount" : 0,
    "errorPct" : 0.0,
    "meanResTime" : 244.72999999999996,
    "medianResTime" : 243.0,
    "minResTime" : 234.0,
    "maxResTime" : 264.0,
    "pct1ResTime" : 255.0,
    "pct2ResTime" : 258.0,
    "pct3ResTime" : 263.98,
    "throughput" : 10.53740779768177,
    "receivedKBytesPerSec" : 9.852476290832454,
    "sentKBytesPerSec" : 4.7850533456269755
  },
  "Update Booking with PATCH" : {
    "transaction" : "Update Booking with PATCH",
    "sampleCount" : 100,
    "errorCount" : 0,
    "errorPct" : 0.0,
    "meanResTime" : 245.74999999999994,
    "medianResTime" : 245.0,
    "minResTime" : 235.0,
    "maxResTime" : 266.0,
    "pct1ResTime" : 255.0,
    "pct2ResTime" : 258.95,
    "pct3ResTime" : 265.96,
    "throughput" : 10.52299273913501,
    "receivedKBytesPerSec" : 9.548382747553404,
    "sentKBytesPerSec" : 2.856828106913606
  },
  "Get Booking" : {
    "transaction" : "Get Booking",
    "sampleCount" : 100,
    "errorCount" : 0,
    "errorPct" : 0.0,
    "meanResTime" : 244.84999999999997,
    "medianResTime" : 244.0,
    "minResTime" : 234.0,
    "maxResTime" : 263.0,
    "pct1ResTime" : 254.8,
    "pct2ResTime" : 259.0,
    "pct3ResTime" : 262.98,
    "throughput" : 10.532968190436065,
    "receivedKBytesPerSec" : 9.547971087002317,
    "sentKBytesPerSec" : 1.9235010269643986
  }
}